patient	BRAF	NF1	NRAS
TCGA-3N-A9WB	1	0	1
TCGA-3N-A9WC	1	0	1
TCGA-3N-A9WD	0	0	1
TCGA-BF-A1PU	1	0	0
TCGA-BF-A1PV	0	0	1
TCGA-BF-A1PZ	0	0	1
TCGA-BF-A3DJ	1	0	0
TCGA-BF-A3DL	1	0	0
TCGA-BF-A3DM	1	0	0
TCGA-BF-A3DN	1	0	0
TCGA-BF-A5EO	0	0	1
TCGA-BF-A5EQ	1	0	0
TCGA-BF-A5ER	1	0	0
TCGA-BF-A9VF	1	0	0
TCGA-BF-AAOX	0	0	1
TCGA-BF-AAP0	1	0	0
TCGA-BF-AAP1	1	0	0
TCGA-BF-AAP2	0	0	1
TCGA-BF-AAP4	0	1	0
TCGA-BF-AAP6	1	0	0
TCGA-BF-AAP7	1	0	0
TCGA-D3-A1Q1	0	0	1
TCGA-D3-A1Q4	1	0	0
TCGA-D3-A1Q5	1	0	0
TCGA-D3-A1Q6	1	0	0
TCGA-D3-A1Q7	1	0	0
TCGA-D3-A1Q8	0	0	1
TCGA-D3-A1Q9	1	0	0
TCGA-D3-A1QA	1	0	0
TCGA-D3-A1QB	0	0	1
TCGA-D3-A2J7	1	0	0
TCGA-D3-A2J8	0	0	1
TCGA-D3-A2JD	1	0	0
TCGA-D3-A2JE	1	0	0
TCGA-D3-A2JG	1	0	0
TCGA-D3-A2JH	1	0	0
TCGA-D3-A2JK	1	0	0
TCGA-D3-A2JL	0	0	1
TCGA-D3-A2JN	1	0	0
TCGA-D3-A2JO	0	0	1
TCGA-D3-A2JP	1	0	0
TCGA-D3-A3C1	1	0	0
TCGA-D3-A3C3	1	0	0
TCGA-D3-A3C6	1	0	0
TCGA-D3-A3C7	1	0	0
TCGA-D3-A3CB	1	0	0
TCGA-D3-A3CE	1	0	0
TCGA-D3-A3ML	0	0	1
TCGA-D3-A3MO	1	0	0
TCGA-D3-A3MR	1	0	0
TCGA-D3-A3MU	1	0	0
TCGA-D3-A3MV	0	0	1
TCGA-D3-A51E	0	0	1
TCGA-D3-A51G	0	0	1
TCGA-D3-A51J	1	0	0
TCGA-D3-A51N	1	0	0
TCGA-D3-A51R	0	1	1
TCGA-D3-A51T	1	0	0
TCGA-D3-A5GN	1	0	0
TCGA-D3-A5GO	0	0	1
TCGA-D3-A5GR	1	0	0
TCGA-D3-A5GS	1	0	0
TCGA-D3-A5GT	1	0	0
TCGA-D3-A5GU	1	0	0
TCGA-D3-A8GB	1	0	0
TCGA-D3-A8GC	0	0	1
TCGA-D3-A8GD	1	0	0
TCGA-D3-A8GI	0	0	1
TCGA-D3-A8GJ	1	0	0
TCGA-D3-A8GK	0	0	1
TCGA-D3-A8GL	0	0	1
TCGA-D3-A8GM	1	0	0
TCGA-D3-A8GN	1	0	0
TCGA-D3-A8GO	1	0	0
TCGA-D3-A8GQ	0	0	1
TCGA-D3-A8GR	0	0	1
TCGA-D3-A8GS	1	0	0
TCGA-D3-A8GV	1	0	0
TCGA-D9-A148	1	0	0
TCGA-D9-A1JW	1	0	0
TCGA-D9-A1JX	1	0	0
TCGA-D9-A3Z1	0	0	1
TCGA-D9-A3Z3	1	0	0
TCGA-D9-A3Z4	0	0	1
TCGA-D9-A4Z2	1	0	0
TCGA-D9-A4Z3	0	0	1
TCGA-D9-A4Z5	1	0	0
TCGA-D9-A4Z6	1	0	0
TCGA-D9-A6E9	1	0	0
TCGA-D9-A6EA	0	0	1
TCGA-D9-A6EC	1	0	0
TCGA-D9-A6EG	1	0	0
TCGA-DA-A1HV	0	0	1
TCGA-DA-A1HW	1	0	0
TCGA-DA-A1HY	1	0	0
TCGA-DA-A1I0	1	1	0
TCGA-DA-A1I1	0	0	1
TCGA-DA-A1I2	1	0	0
TCGA-DA-A1I4	1	0	0
TCGA-DA-A1I5	1	0	0
TCGA-DA-A1I7	1	0	0
TCGA-DA-A1I8	1	0	0
TCGA-DA-A3F3	0	0	1
TCGA-DA-A3F5	1	0	0
TCGA-DA-A3F8	1	0	0
TCGA-DA-A95W	1	0	0
TCGA-DA-A95X	0	0	1
TCGA-DA-A95Z	1	1	0
TCGA-DA-A960	0	0	1
TCGA-EB-A1NK	0	0	1
TCGA-EB-A24C	1	0	0
TCGA-EB-A24D	1	0	0
TCGA-EB-A299	1	0	0
TCGA-EB-A3HV	1	0	0
TCGA-EB-A3XB	1	0	0
TCGA-EB-A3XC	1	0	0
TCGA-EB-A3XD	1	0	0
TCGA-EB-A3XE	1	0	0
TCGA-EB-A3XF	1	0	0
TCGA-EB-A3Y6	1	0	0
TCGA-EB-A3Y7	0	1	0
TCGA-EB-A42Z	1	0	0
TCGA-EB-A430	1	0	0
TCGA-EB-A431	1	0	0
TCGA-EB-A44N	1	0	0
TCGA-EB-A44O	0	0	1
TCGA-EB-A44P	1	0	0
TCGA-EB-A44Q	0	0	1
TCGA-EB-A44R	0	0	1
TCGA-EB-A4IS	1	1	0
TCGA-EB-A4P0	1	0	0
TCGA-EB-A550	1	0	0
TCGA-EB-A551	0	0	1
TCGA-EB-A553	1	0	0
TCGA-EB-A5FP	1	0	0
TCGA-EB-A5SE	1	0	0
TCGA-EB-A5SG	0	0	1
TCGA-EB-A5UL	0	0	1
TCGA-EB-A5UN	1	0	0
TCGA-EB-A5VU	0	0	1
TCGA-EB-A6QY	1	0	0
TCGA-EB-A6QZ	1	0	0
TCGA-EB-A6R0	1	0	0
TCGA-EB-A85I	1	0	0
TCGA-EB-A85J	0	0	1
TCGA-EE-A17X	0	1	1
TCGA-EE-A17Y	1	0	0
TCGA-EE-A181	1	1	0
TCGA-EE-A183	1	0	0
TCGA-EE-A184	0	0	1
TCGA-EE-A185	0	0	1
TCGA-EE-A20B	1	0	0
TCGA-EE-A20C	0	1	1
TCGA-EE-A20F	1	0	0
TCGA-EE-A20H	1	0	0
TCGA-EE-A29A	1	0	0
TCGA-EE-A29C	1	0	0
TCGA-EE-A29E	1	0	0
TCGA-EE-A29G	0	0	1
TCGA-EE-A29H	1	0	0
TCGA-EE-A29L	0	0	1
TCGA-EE-A29M	1	0	0
TCGA-EE-A29N	1	0	0
TCGA-EE-A29P	1	0	0
TCGA-EE-A29Q	0	0	1
TCGA-EE-A29R	0	0	1
TCGA-EE-A29S	0	0	1
TCGA-EE-A29T	1	0	0
TCGA-EE-A29V	0	0	1
TCGA-EE-A29W	1	0	0
TCGA-EE-A29X	0	0	1
TCGA-EE-A2A0	1	0	0
TCGA-EE-A2A1	0	0	1
TCGA-EE-A2A2	0	1	1
TCGA-EE-A2A5	0	0	1
TCGA-EE-A2A6	1	0	0
TCGA-EE-A2GB	1	0	0
TCGA-EE-A2GC	1	0	0
TCGA-EE-A2GD	0	0	1
TCGA-EE-A2GE	1	0	0
TCGA-EE-A2GH	1	0	0
TCGA-EE-A2GJ	1	0	1
TCGA-EE-A2GL	0	0	1
TCGA-EE-A2GM	1	0	1
TCGA-EE-A2GN	0	0	1
TCGA-EE-A2GO	1	1	0
TCGA-EE-A2GP	0	0	1
TCGA-EE-A2GS	1	0	0
TCGA-EE-A2GT	1	0	0
TCGA-EE-A2GU	0	0	1
TCGA-EE-A2M5	1	0	0
TCGA-EE-A2M6	1	0	0
TCGA-EE-A2M7	1	0	0
TCGA-EE-A2M8	1	0	0
TCGA-EE-A2MC	0	0	1
TCGA-EE-A2MD	0	0	1
TCGA-EE-A2ME	1	0	0
TCGA-EE-A2MF	0	0	1
TCGA-EE-A2MG	1	0	0
TCGA-EE-A2MH	1	0	0
TCGA-EE-A2MI	0	1	0
TCGA-EE-A2MJ	0	1	0
TCGA-EE-A2MK	1	0	0
TCGA-EE-A2ML	0	0	1
TCGA-EE-A2MM	0	0	1
TCGA-EE-A2MN	0	0	1
TCGA-EE-A2MP	1	0	0
TCGA-EE-A2MQ	1	0	0
TCGA-EE-A2MS	0	1	0
TCGA-EE-A2MT	0	1	0
TCGA-EE-A2MU	0	0	1
TCGA-EE-A3AA	1	0	0
TCGA-EE-A3AB	1	0	0
TCGA-EE-A3AC	0	0	1
TCGA-EE-A3AD	1	0	0
TCGA-EE-A3AF	1	0	0
TCGA-EE-A3AG	1	0	0
TCGA-EE-A3AH	1	0	0
TCGA-EE-A3J3	1	0	0
TCGA-EE-A3J4	1	0	0
TCGA-EE-A3J5	0	1	0
TCGA-EE-A3J7	0	0	1
TCGA-EE-A3J8	0	0	1
TCGA-EE-A3JA	0	0	1
TCGA-EE-A3JB	1	0	0
TCGA-EE-A3JD	1	1	0
TCGA-EE-A3JE	1	0	0
TCGA-EE-A3JH	1	0	0
TCGA-EE-A3JI	0	0	1
TCGA-ER-A193	1	0	0
TCGA-ER-A194	0	1	0
TCGA-ER-A195	0	0	1
TCGA-ER-A198	1	0	0
TCGA-ER-A199	0	0	1
TCGA-ER-A19A	0	1	0
TCGA-ER-A19B	1	0	0
TCGA-ER-A19C	1	0	0
TCGA-ER-A19D	0	0	1
TCGA-ER-A19E	1	0	0
TCGA-ER-A19F	1	1	0
TCGA-ER-A19G	1	0	0
TCGA-ER-A19H	1	0	0
TCGA-ER-A19J	1	0	0
TCGA-ER-A19K	1	0	0
TCGA-ER-A19M	1	0	0
TCGA-ER-A19N	0	0	1
TCGA-ER-A19O	1	0	0
TCGA-ER-A19Q	1	0	0
TCGA-ER-A19S	1	0	0
TCGA-ER-A19W	0	0	1
TCGA-ER-A2NB	0	0	1
TCGA-ER-A2NC	1	0	1
TCGA-ER-A2ND	1	0	0
TCGA-ER-A2NE	0	0	1
TCGA-ER-A2NG	1	0	0
TCGA-ER-A2NH	0	0	1
TCGA-ER-A3PL	1	0	0
TCGA-ER-A42K	1	0	0
TCGA-FR-A3YN	0	0	1
TCGA-FR-A44A	1	0	0
TCGA-FR-A69P	0	0	1
TCGA-FR-A728	1	0	0
TCGA-FR-A729	1	0	0
TCGA-FR-A7U8	0	0	1
TCGA-FR-A7UA	1	0	0
TCGA-FR-A8YD	0	1	0
TCGA-FR-A8YE	1	0	0
TCGA-FS-A1YW	0	0	1
TCGA-FS-A1YX	1	0	0
TCGA-FS-A1YY	1	0	0
TCGA-FS-A1Z0	0	0	1
TCGA-FS-A1Z3	0	1	1
TCGA-FS-A1Z7	1	0	0
TCGA-FS-A1ZB	0	0	1
TCGA-FS-A1ZC	1	0	0
TCGA-FS-A1ZD	1	0	0
TCGA-FS-A1ZE	0	0	1
TCGA-FS-A1ZF	1	0	0
TCGA-FS-A1ZH	1	0	0
TCGA-FS-A1ZM	1	0	0
TCGA-FS-A1ZN	1	0	0
TCGA-FS-A1ZP	0	0	1
TCGA-FS-A1ZQ	0	0	1
TCGA-FS-A1ZR	1	0	0
TCGA-FS-A1ZS	1	0	0
TCGA-FS-A1ZT	0	0	1
TCGA-FS-A1ZW	0	0	1
TCGA-FS-A1ZY	0	0	1
TCGA-FS-A1ZZ	1	1	1
TCGA-FS-A4F2	0	0	1
TCGA-FS-A4F5	0	0	1
TCGA-FS-A4F8	1	0	0
TCGA-FS-A4F9	0	0	1
TCGA-FS-A4FB	1	0	0
TCGA-FS-A4FC	0	0	1
TCGA-FS-A4FD	0	0	1
TCGA-FW-A3R5	1	0	0
TCGA-FW-A3TV	1	0	0
TCGA-FW-A5DX	1	0	0
TCGA-GF-A2C7	1	0	0
TCGA-GF-A3OT	0	0	1
TCGA-GF-A4EO	1	0	0
TCGA-GF-A6C8	1	0	0
TCGA-GF-A6C9	1	0	0
TCGA-GF-A769	1	0	0
TCGA-GN-A262	1	0	0
TCGA-GN-A263	1	0	0
TCGA-GN-A265	1	0	0
TCGA-GN-A267	0	0	1
TCGA-GN-A268	0	0	1
TCGA-GN-A269	1	1	0
TCGA-GN-A26A	1	0	0
TCGA-GN-A4U3	0	0	1
TCGA-GN-A4U4	0	0	1
TCGA-GN-A4U5	1	0	0
TCGA-GN-A4U7	1	0	0
TCGA-GN-A4U8	1	0	0
TCGA-GN-A4U9	0	0	1
TCGA-GN-A8LN	0	0	1
TCGA-GN-A9SD	1	0	0
TCGA-HR-A2OG	0	0	1
TCGA-HR-A2OH	1	0	0
TCGA-HR-A5NC	1	0	0
TCGA-IH-A3EA	1	0	0
TCGA-LH-A9QB	1	0	0
TCGA-OD-A75X	1	0	0
TCGA-QB-A6FS	1	0	0
TCGA-QB-AA9O	0	0	1
TCGA-RP-A695	0	0	1
TCGA-W3-A824	0	0	1
TCGA-W3-A825	1	0	1
TCGA-W3-AA1O	1	0	0
TCGA-W3-AA1Q	1	0	0
TCGA-W3-AA1R	1	0	0
TCGA-W3-AA1V	1	1	0
TCGA-W3-AA1W	1	0	0
TCGA-W3-AA21	1	0	0
TCGA-WE-A8JZ	0	0	1
TCGA-WE-A8K1	0	0	1
TCGA-WE-A8K5	1	0	0
TCGA-WE-A8K6	1	1	0
TCGA-WE-A8ZN	0	0	1
TCGA-WE-A8ZO	0	0	1
TCGA-WE-A8ZQ	1	0	0
TCGA-WE-A8ZR	1	0	0
TCGA-WE-A8ZT	1	0	0
TCGA-WE-A8ZX	1	0	0
TCGA-WE-A8ZY	0	0	1
TCGA-WE-AAA0	1	0	0
TCGA-WE-AAA3	0	0	1
TCGA-WE-AAA4	1	0	0
TCGA-XV-A9W5	1	0	0
TCGA-XV-AAZV	1	0	0
TCGA-XV-AAZW	1	0	0
TCGA-XV-AAZY	0	0	1
TCGA-XV-AB01	1	0	0
TCGA-YD-A89C	0	0	1
TCGA-YD-A9TA	0	1	0
TCGA-YD-A9TB	1	0	0
TCGA-YG-AA3N	1	1	0
TCGA-YG-AA3O	1	0	0
TCGA-Z2-AA3V	1	0	0
