patient	Hugo_Symbol	aa_changes
TCGA-QB-A6FS	BRAF	V640E;V640M
TCGA-D9-A3Z4	NRAS	Q61R
TCGA-WE-A8ZR	BRAF	V640E
TCGA-EE-A3JI	NRAS	Q61K
TCGA-D3-A8GI	NRAS	G12S
TCGA-BF-AAP4	NF1	E1458K
TCGA-FS-A1ZY	NRAS	Q61R
TCGA-D3-A3C6	BRAF	V640E
TCGA-ER-A193	BRAF	V640G;V640M
TCGA-EB-A551	NRAS	Q61K
TCGA-EB-A3HV	BRAF	V640E
TCGA-D3-A8GQ	NRAS	Q61L
TCGA-ER-A19C	BRAF	V640E
TCGA-D3-A8GK	NRAS	Q61R
TCGA-WE-A8ZN	NRAS	Q61K
TCGA-D9-A6E9	BRAF	V640E
TCGA-EE-A2A5	NRAS	Q61R
TCGA-W3-AA1Q	BRAF	V640E;V640M
TCGA-YD-A9TB	BRAF	V640E
TCGA-FS-A1ZZ	NRAS	P34L
TCGA-FS-A1ZZ	BRAF	N621S
TCGA-FS-A1ZZ	NF1	S1599F
TCGA-ER-A195	NRAS	Q61K
TCGA-EE-A3JA	NRAS	Q61R
TCGA-GF-A2C7	BRAF	V640E
TCGA-D3-A8GJ	BRAF	V640E
TCGA-DA-A1I5	BRAF	V640E
TCGA-D3-A1Q4	BRAF	V640E
TCGA-EB-A5UN	BRAF	V640E
TCGA-GF-A6C9	BRAF	V640E;V640M
TCGA-XV-AAZY	NRAS	Q61R
TCGA-D9-A4Z6	BRAF	R766C
TCGA-EE-A3JE	BRAF	V640E
TCGA-GN-A4U5	BRAF	V640E
TCGA-D3-A2J7	BRAF	V640E
TCGA-D9-A148	BRAF	V640E
TCGA-FS-A1Z0	NRAS	Q61R
TCGA-D3-A8GB	BRAF	V640E
TCGA-EE-A3J5	NF1	R1870Q
TCGA-3N-A9WC	NRAS	Q61L
TCGA-3N-A9WC	BRAF	H614Y
TCGA-XV-AAZV	BRAF	V640E
TCGA-EE-A3JB	BRAF	V640E
TCGA-W3-A825	NRAS	Q61R
TCGA-W3-A825	BRAF	S507L
TCGA-DA-A95X	NRAS	Q61L
TCGA-OD-A75X	BRAF	V640E;V640M
TCGA-BF-AAP0	BRAF	V640E;V640M
TCGA-EE-A2A6	BRAF	V640E
TCGA-D3-A5GT	BRAF	V640E
TCGA-EE-A2ML	NRAS	Q61R
TCGA-EE-A29E	BRAF	V640E;V640M
TCGA-EE-A20C	NRAS	Q61R
TCGA-EE-A20C	NF1	S833F
TCGA-GF-A4EO	BRAF	V640E;K183E
TCGA-ER-A19F	BRAF	G506E
TCGA-ER-A19F	NF1	L274F
TCGA-GN-A4U9	NRAS	Q61R
TCGA-WE-A8ZT	BRAF	V640E
TCGA-D3-A5GN	BRAF	V640E
TCGA-D9-A3Z3	BRAF	V640E
TCGA-EB-A5FP	BRAF	V640E;V640M
TCGA-FS-A1ZF	BRAF	V640E
TCGA-EE-A29V	NRAS	G12A
TCGA-D9-A6EA	NRAS	Q61R
TCGA-FS-A1ZH	BRAF	V640E
TCGA-EB-A3XB	BRAF	V640E;V640M
TCGA-D3-A51N	BRAF	V640E
TCGA-FS-A1Z3	NRAS	Q61H
TCGA-FS-A1Z3	NF1	L1274H
TCGA-EB-A24C	BRAF	V640E
TCGA-EE-A29P	BRAF	V640E
TCGA-FR-A44A	BRAF	V640E
TCGA-FS-A4F9	NRAS	Q61K
TCGA-EE-A2GS	BRAF	V640E
TCGA-HR-A5NC	BRAF	V640E
TCGA-D3-A2JK	BRAF	V640E
TCGA-WE-A8JZ	NRAS	Q61R;Q61K
TCGA-FS-A1ZB	NRAS	Q61R
TCGA-EE-A20B	BRAF	V640E
TCGA-DA-A1I7	BRAF	V640E
TCGA-WE-A8ZX	BRAF	V640E
TCGA-XV-AAZW	BRAF	V640E
TCGA-D9-A1JW	BRAF	N621T
TCGA-BF-A1PU	BRAF	V640E
TCGA-D3-A2JG	BRAF	V640E
TCGA-D3-A51E	NRAS	Q61R
TCGA-ER-A3PL	BRAF	V640E
TCGA-WE-A8K6	BRAF	V640E
TCGA-WE-A8K6	NF1	P1667S
TCGA-GN-A4U4	NRAS	Q61R
TCGA-FS-A1ZR	BRAF	V640E
TCGA-3N-A9WB	NRAS	Q61K
TCGA-3N-A9WB	BRAF	H765Y
TCGA-EE-A29L	NRAS	Q61L
TCGA-EE-A29T	BRAF	V640E
TCGA-EE-A2A0	BRAF	L637Q;P367S
TCGA-EE-A2GU	NRAS	Q61K
TCGA-DA-A960	NRAS	Q61L
TCGA-WE-A8ZQ	BRAF	V640E
TCGA-EE-A2MN	NRAS	Q61K
TCGA-D9-A4Z5	BRAF	N621H
TCGA-EE-A2MC	NRAS	Q61R
TCGA-FW-A5DX	BRAF	V640E
TCGA-DA-A3F3	NRAS	Q61R;Q61K
TCGA-EB-A5SG	NRAS	Q61R
TCGA-EB-A4IS	BRAF	V640E
TCGA-EB-A4IS	NF1	P698L
TCGA-EB-A1NK	NRAS	Q61R
TCGA-FR-A8YD	NF1	M1149V
TCGA-EB-A6R0	BRAF	V640E;V640M
TCGA-Z2-AA3V	BRAF	V640E
TCGA-ER-A19Q	BRAF	V640E
TCGA-FW-A3R5	BRAF	H765Y;G509E
TCGA-ER-A2NE	NRAS	Q61K
TCGA-YD-A9TA	NF1	L492I
TCGA-FS-A1ZM	BRAF	V640E
TCGA-GN-A262	BRAF	V640E
TCGA-FR-A3YN	NRAS	Q61R
TCGA-EB-A24D	BRAF	K641E;L245F
TCGA-ER-A19D	NRAS	Q61K
TCGA-EE-A29A	BRAF	V640E
TCGA-D3-A5GO	NRAS	Q61R
TCGA-GN-A4U7	BRAF	V640E
TCGA-D3-A8GC	NRAS	Q61H
TCGA-IH-A3EA	BRAF	V640E;V640M
TCGA-EE-A2GT	BRAF	V640E;V640M
TCGA-FR-A69P	NRAS	Q61R
TCGA-XV-A9W5	BRAF	V640E
TCGA-D3-A3MU	BRAF	V640E
TCGA-EE-A20F	BRAF	V640E
TCGA-D3-A8GR	NRAS	Q61K
TCGA-LH-A9QB	BRAF	V640E
TCGA-BF-AAP7	BRAF	V640E
TCGA-EB-A550	BRAF	V640E
TCGA-EE-A2A2	NRAS	Q61L
TCGA-EE-A2A2	NF1	P2675S
TCGA-ER-A19E	BRAF	V640E
TCGA-EE-A3AA	BRAF	E735K;K641E
TCGA-EE-A2M7	BRAF	V640E
TCGA-ER-A19M	BRAF	V640E
TCGA-FS-A1ZT	NRAS	Q61R
TCGA-D3-A2JL	NRAS	G12R
TCGA-D3-A1Q1	NRAS	G12R
TCGA-EE-A29C	BRAF	V640E
TCGA-EE-A2GH	BRAF	V640E;P318L;P318S
TCGA-EB-A3XC	BRAF	V640G;V640M
TCGA-ER-A19K	BRAF	V640E;V640M
TCGA-YD-A89C	NRAS	Q61R
TCGA-EE-A2GO	BRAF	G509R
TCGA-EE-A2GO	NF1	P931L
TCGA-D3-A8GS	BRAF	V640E
TCGA-D3-A5GR	BRAF	V640E
TCGA-D3-A8GM	BRAF	Y606C
TCGA-FS-A4FB	BRAF	V640E
TCGA-DA-A1I0	BRAF	V640E;V640M
TCGA-DA-A1I0	NF1	S2496F
TCGA-D3-A8GO	BRAF	V640E;V640M
TCGA-EE-A3AH	BRAF	V640E
TCGA-EB-A85I	BRAF	V640E
TCGA-D3-A3C1	BRAF	V640E
TCGA-EB-A5SE	BRAF	V640E
TCGA-EE-A2MP	BRAF	V640E
TCGA-EE-A2GJ	NRAS	G12D
TCGA-EE-A2GJ	BRAF	G506E
TCGA-GN-A267	NRAS	Q61K
TCGA-W3-AA21	BRAF	V640E;V640M
TCGA-EB-A3XD	BRAF	V640E
TCGA-EE-A29G	NRAS	Q61K
TCGA-FS-A1YY	BRAF	V640E
TCGA-FS-A4F2	NRAS	Q61L
TCGA-ER-A19J	BRAF	V640E;V640M
TCGA-ER-A19W	NRAS	Q61K
TCGA-GN-A8LN	NRAS	Q61R
TCGA-D3-A3CB	BRAF	V640E
TCGA-EE-A3JD	BRAF	S507L
TCGA-EE-A3JD	NF1	P1851S
TCGA-EE-A2MM	NRAS	Q61H
TCGA-EE-A17Y	BRAF	V640E
TCGA-ER-A19N	NRAS	Q61H
TCGA-FS-A4F8	BRAF	V640E
TCGA-EE-A29Q	NRAS	Q61L
TCGA-EB-A6QZ	BRAF	V640E
TCGA-EE-A3AB	BRAF	V640E
TCGA-FR-A7U8	NRAS	Q61R
TCGA-D3-A8GL	NRAS	Q61R
TCGA-EE-A3AC	NRAS	Q61K
TCGA-D3-A3CE	BRAF	V640E
TCGA-EE-A2GD	NRAS	Q61K
TCGA-D3-A8GD	BRAF	V640E
TCGA-YG-AA3O	BRAF	V640G;V640M
TCGA-W3-AA1V	BRAF	S507L
TCGA-W3-AA1V	NF1	N2780D
TCGA-D3-A5GS	BRAF	V640E
TCGA-FS-A4F5	NRAS	Q61R
TCGA-EE-A17X	NRAS	Q61K
TCGA-EE-A17X	NF1	Y49F
TCGA-EB-A4P0	BRAF	V640E
TCGA-EE-A3J8	NRAS	Q61R
TCGA-FS-A1ZC	BRAF	V640E;V640M
TCGA-EE-A29M	BRAF	V640E
TCGA-D9-A1JX	BRAF	V640E
TCGA-FS-A1YX	BRAF	V640E
TCGA-ER-A2NC	NRAS	G13R
TCGA-ER-A2NC	BRAF	V640E;V640M
TCGA-EE-A2MF	NRAS	Q61K
TCGA-D3-A8GV	BRAF	V640E
TCGA-EB-A3XF	BRAF	V640E;V640M
TCGA-EB-A3XE	BRAF	V640E
TCGA-GN-A269	BRAF	V640E
TCGA-GN-A269	NF1	S1754F
TCGA-D3-A2J8	NRAS	Q61L
TCGA-EE-A29R	NRAS	Q61R
TCGA-ER-A2ND	BRAF	V640E
TCGA-DA-A3F8	BRAF	V640E;V640M
TCGA-D3-A51J	BRAF	V640E
TCGA-EB-A6QY	BRAF	V640E;V640M
TCGA-EE-A29N	BRAF	D634N
TCGA-D3-A3MV	NRAS	Q61R
TCGA-EE-A2MU	NRAS	E62K;Q61H
TCGA-EE-A2MT	NF1	L844F;R1870Q
TCGA-ER-A199	NRAS	Q61R
TCGA-D3-A51T	BRAF	G509R
TCGA-DA-A1HW	BRAF	V640E
TCGA-D3-A1Q9	BRAF	V640E
TCGA-D9-A6EC	BRAF	L525F
TCGA-EB-A431	BRAF	V640E
TCGA-EE-A2GP	NRAS	Q61R
TCGA-EB-A3Y7	NF1	P1232A
TCGA-FS-A1YW	NRAS	Q61K
TCGA-EE-A2MI	NF1	L1114M
TCGA-EB-A85J	NRAS	Q61K
TCGA-EE-A29W	BRAF	V640E
TCGA-D9-A4Z3	NRAS	Q61R
TCGA-DA-A1I8	BRAF	V640E
TCGA-GN-A268	NRAS	Q61K
TCGA-EB-A44R	NRAS	G13D
TCGA-BF-A5EO	NRAS	Q61R;Q61K
TCGA-EB-A44N	BRAF	V640E
TCGA-EB-A5VU	NRAS	Q61R
TCGA-ER-A19G	BRAF	V640E
TCGA-D9-A4Z2	BRAF	V640E
TCGA-BF-AAOX	NRAS	Q61L
TCGA-HR-A2OG	NRAS	Q61R
TCGA-D3-A51G	NRAS	Q61K
TCGA-EE-A2GM	NRAS	Q61R
TCGA-EE-A2GM	BRAF	P348T
TCGA-D9-A3Z1	NRAS	Q61R
TCGA-EE-A184	NRAS	Q61H
TCGA-D3-A1Q5	BRAF	V640E
TCGA-ER-A194	NF1	H647Y;L844F
TCGA-EB-A430	BRAF	V640E
TCGA-FS-A4FD	NRAS	Q61R
TCGA-BF-A3DJ	BRAF	V640E
TCGA-EB-A44O	NRAS	Q61K
TCGA-BF-A1PZ	NRAS	Q61R
TCGA-BF-A9VF	BRAF	V640E
TCGA-EE-A2MJ	NF1	S2599F
TCGA-EE-A3JH	BRAF	K641E
TCGA-FS-A1ZE	NRAS	Q61K
TCGA-BF-A3DL	BRAF	V640E;V640M
TCGA-BF-AAP6	BRAF	V640E
TCGA-FW-A3TV	BRAF	V640E
TCGA-EE-A3J4	BRAF	V640E
TCGA-EE-A2GE	BRAF	V640E
TCGA-EE-A29X	NRAS	Q61R
TCGA-EE-A2GC	BRAF	G506E
TCGA-HR-A2OH	BRAF	V640E
TCGA-EE-A3AG	BRAF	V640E
TCGA-BF-AAP1	BRAF	K641E
TCGA-W3-AA1O	BRAF	G509R;H235Y
TCGA-EE-A3AF	BRAF	V640E
TCGA-W3-AA1R	BRAF	V640E;V640M
TCGA-EE-A185	NRAS	Q61K
TCGA-WE-A8K1	NRAS	Q61R
TCGA-EE-A2MG	BRAF	V640E
TCGA-BF-AAP2	NRAS	Q61R
TCGA-GF-A769	BRAF	V640E
TCGA-D3-A51R	NRAS	Q61R
TCGA-D3-A51R	NF1	P1487S
TCGA-ER-A2NB	NRAS	Q61R
TCGA-GN-A4U3	NRAS	Q61R
TCGA-GN-A9SD	BRAF	V640E
TCGA-D3-A2JP	BRAF	V640E
TCGA-WE-A8K5	BRAF	V640E;V640M
TCGA-EE-A2M8	BRAF	V640E
TCGA-BF-A5ER	BRAF	V640E;V640M
TCGA-EE-A2MK	BRAF	V640E
TCGA-BF-A5EQ	BRAF	V640E;V640M
TCGA-DA-A3F5	BRAF	V640E
TCGA-DA-A1HV	NRAS	Q61K
TCGA-D3-A2JH	BRAF	K641E
TCGA-EB-A5UL	NRAS	Q61K
TCGA-EB-A3Y6	BRAF	V640E
TCGA-EB-A44P	BRAF	V640E
TCGA-D3-A1QA	BRAF	V640G;V640M
TCGA-FR-A7UA	BRAF	V640E;V640M
TCGA-D3-A3MR	BRAF	V640E
TCGA-DA-A1I1	NRAS	Q61L
TCGA-EE-A2MS	NF1	L929P
TCGA-D3-A3ML	NRAS	Q61L
TCGA-GF-A6C8	BRAF	V640E
TCGA-D3-A3C7	BRAF	V640E
TCGA-DA-A1HY	BRAF	V640E
TCGA-D3-A1Q8	NRAS	Q61K
TCGA-EE-A181	BRAF	S507L
TCGA-EE-A181	NF1	L2604F
TCGA-EE-A2GB	BRAF	V640E;V640M
TCGA-EE-A3J7	NRAS	Q61R
TCGA-ER-A19B	BRAF	V640E
TCGA-GN-A263	BRAF	V640E
TCGA-EE-A2GN	NRAS	Q61K
TCGA-FR-A729	BRAF	V640E
TCGA-W3-AA1W	BRAF	V640E;V640M
TCGA-GF-A3OT	NRAS	Q61K
TCGA-D3-A1Q7	BRAF	V640E
TCGA-YG-AA3N	BRAF	V640E;V640M
TCGA-YG-AA3N	NF1	G675R
TCGA-WE-A8ZY	NRAS	Q61R
TCGA-EE-A29S	NRAS	Q61L
TCGA-ER-A19S	BRAF	V640E
TCGA-EE-A2M5	BRAF	V640E
TCGA-FS-A1ZN	BRAF	V640E
TCGA-BF-A3DM	BRAF	V640E;V640M
TCGA-BF-A1PV	NRAS	Q61L
TCGA-EE-A2MD	NRAS	Q61R
TCGA-3N-A9WD	NRAS	Q61L
TCGA-EE-A2ME	BRAF	V640E
TCGA-DA-A95W	BRAF	V640E
TCGA-D3-A3MO	BRAF	V640E
TCGA-WE-AAA3	NRAS	Q61R
TCGA-ER-A198	BRAF	V640E
TCGA-EE-A20H	BRAF	V640E;V640M
TCGA-GN-A26A	BRAF	V640E
TCGA-FS-A1ZS	BRAF	V640E
TCGA-QB-AA9O	NRAS	Q61L
TCGA-WE-AAA4	BRAF	V640E
TCGA-RP-A695	NRAS	Q61R
TCGA-EE-A2A1	NRAS	Q61R
TCGA-BF-A3DN	BRAF	V640E
TCGA-EB-A553	BRAF	V640E
TCGA-D3-A8GN	BRAF	V640E
TCGA-FS-A4FC	NRAS	G13R
TCGA-WE-A8ZO	NRAS	Q61R
TCGA-DA-A1I2	BRAF	V640E
TCGA-EE-A3AD	BRAF	V640E
TCGA-EE-A2GL	NRAS	Q61K
TCGA-ER-A42K	BRAF	V640E
TCGA-D3-A1QB	NRAS	Q61L
TCGA-FR-A8YE	BRAF	V640E
TCGA-ER-A19H	BRAF	V640E
TCGA-ER-A2NH	NRAS	Q61R
TCGA-D3-A5GU	BRAF	V640E
TCGA-EE-A2MQ	BRAF	K641E
TCGA-FS-A1ZP	NRAS	Q61L
TCGA-EB-A44Q	NRAS	Q61L
TCGA-ER-A2NG	BRAF	V640E
TCGA-D3-A2JD	BRAF	V640E
TCGA-FS-A1ZW	NRAS	Q61K
TCGA-EE-A2M6	BRAF	V640E
TCGA-DA-A1I4	BRAF	V640E
TCGA-ER-A19A	NF1	S2754F
TCGA-D3-A3C3	BRAF	V640E
TCGA-GN-A4U8	BRAF	V640E
TCGA-EE-A29H	BRAF	V640E
TCGA-EE-A3J3	BRAF	V640E
TCGA-ER-A19O	BRAF	V640E
TCGA-D3-A2JO	NRAS	Q61K
TCGA-D3-A1Q6	BRAF	V640E
TCGA-D9-A6EG	BRAF	V640E
TCGA-WE-AAA0	BRAF	V640E
TCGA-W3-A824	NRAS	Q61K
TCGA-FR-A728	BRAF	V640E
TCGA-GN-A265	BRAF	V640E
TCGA-EE-A2MH	BRAF	V640E
TCGA-FS-A1ZQ	NRAS	Q61R
TCGA-EB-A299	BRAF	V640E
TCGA-EB-A42Z	BRAF	V640E
TCGA-FS-A1Z7	BRAF	V640E
TCGA-DA-A95Z	BRAF	G506E
TCGA-DA-A95Z	NF1	H407Y
TCGA-EE-A183	BRAF	V640E;V640M
TCGA-FS-A1ZD	BRAF	V640E
TCGA-D3-A2JN	BRAF	V640E
TCGA-XV-AB01	BRAF	V640E
TCGA-D3-A2JE	BRAF	V640E
